Eval_AverageReturn,Eval_StdReturn,Eval_MaxReturn,Eval_MinReturn,Eval_AverageEpLen,Train_AverageReturn,Train_StdReturn,Train_MaxReturn,Train_MinReturn,Train_AverageEpLen,Actor Loss,Train_EnvstepsSoFar,TimeSinceStart,Initial_DataCollection_AverageReturn,step
27.866667,17.114775,82.0,8.0,27.866666666666667,25.00625,14.105627,99.0,9.0,25.00625,-0.004252737388014793,4001,0.3477518558502197,25.00625,0
35.25,15.481844,77.0,21.0,35.25,33.16529,19.281023,102.0,10.0,33.16528925619835,-0.006997914519160986,8014,0.946173906326294,,1
41.5,13.44061,70.0,29.0,41.5,43.510868,23.034706,123.0,12.0,43.51086956521739,-0.009929616935551167,12017,1.2838337421417236,,2
89.4,48.541115,161.0,26.0,89.4,51.0125,24.019522,121.0,12.0,51.0125,-0.0094655966386199,16098,1.6193621158599854,,3
78.5,18.848078,108.0,46.0,78.5,57.3,29.948692,174.0,14.0,57.3,-0.00416781147941947,20109,1.9553778171539307,,4
64.14286,24.0798,107.0,34.0,64.14285714285714,66.71667,27.725494,152.0,25.0,66.71666666666667,-0.0001709349890006706,24112,2.3065688610076904,,5
79.5,16.570557,101.0,55.0,79.5,80.98,31.557877,165.0,27.0,80.98,-0.007872023619711399,28161,2.6520049571990967,,6
85.2,36.994053,152.0,53.0,85.2,73.2,29.390413,152.0,22.0,73.2,-0.0024624562356621027,32187,2.9909889698028564,,7
111.0,36.448593,173.0,82.0,111.0,89.22222,34.501457,174.0,38.0,89.22222222222223,-0.00468095950782299,36202,3.3191590309143066,,8
104.5,43.04939,154.0,47.0,104.5,101.125,40.61846,196.0,41.0,101.125,-0.0036525046452879906,40247,3.6439170837402344,,9
140.66667,44.454723,200.0,93.0,140.66666666666666,124.90909,32.42835,200.0,67.0,124.9090909090909,-0.00455889105796814,44369,3.97894287109375,,10
167.66667,15.456031,181.0,146.0,167.66666666666666,137.2,35.837967,200.0,81.0,137.2,0.00486409105360508,48485,4.315999984741211,,11
200.0,0.0,200.0,200.0,200.0,144.32143,38.838543,200.0,82.0,144.32142857142858,-0.001170096336863935,52526,4.641540050506592,,12
148.0,37.66519,200.0,112.0,148.0,170.91667,38.020737,200.0,60.0,170.91666666666666,-0.010877725668251514,56628,4.9841320514678955,,13
182.0,25.455845,200.0,146.0,182.0,170.20833,30.549112,200.0,108.0,170.20833333333334,-0.016639260575175285,60713,5.332494735717773,,14
193.33333,9.428091,200.0,180.0,193.33333333333334,174.26086,31.58318,200.0,91.0,174.2608695652174,-0.014152557589113712,64721,5.672348976135254,,15
200.0,0.0,200.0,200.0,200.0,182.27272,30.760336,200.0,106.0,182.27272727272728,-0.012698319740593433,68731,5.9969048500061035,,16
200.0,0.0,200.0,200.0,200.0,200.0,0.0,200.0,200.0,200.0,-0.0,72731,6.320014715194702,,17
200.0,0.0,200.0,200.0,200.0,195.85715,8.881686,200.0,165.0,195.85714285714286,-0.0011243546614423394,76844,6.651187896728516,,18
200.0,0.0,200.0,200.0,200.0,200.0,0.0,200.0,200.0,200.0,-0.0,80844,6.969124794006348,,19
200.0,0.0,200.0,200.0,200.0,200.0,0.0,200.0,200.0,200.0,-0.0,84844,7.292258024215698,,20
200.0,0.0,200.0,200.0,200.0,200.0,0.0,200.0,200.0,200.0,-0.0,88844,7.616046905517578,,21
200.0,0.0,200.0,200.0,200.0,200.0,0.0,200.0,200.0,200.0,-0.0,92844,7.942895889282227,,22
200.0,0.0,200.0,200.0,200.0,200.0,0.0,200.0,200.0,200.0,-0.0,96844,8.27361798286438,,23
200.0,0.0,200.0,200.0,200.0,200.0,0.0,200.0,200.0,200.0,-0.0,100844,8.59659481048584,,24
200.0,0.0,200.0,200.0,200.0,200.0,0.0,200.0,200.0,200.0,-0.0,104844,8.925878047943115,,25
200.0,0.0,200.0,200.0,200.0,200.0,0.0,200.0,200.0,200.0,-0.0,108844,9.245943069458008,,26
200.0,0.0,200.0,200.0,200.0,200.0,0.0,200.0,200.0,200.0,-0.0,112844,9.572839975357056,,27
200.0,0.0,200.0,200.0,200.0,200.0,0.0,200.0,200.0,200.0,-0.0,116844,9.897230863571167,,28
200.0,0.0,200.0,200.0,200.0,200.0,0.0,200.0,200.0,200.0,-0.0,120844,10.219314813613892,,29
200.0,0.0,200.0,200.0,200.0,200.0,0.0,200.0,200.0,200.0,-0.0,124844,10.5469388961792,,30
200.0,0.0,200.0,200.0,200.0,200.0,0.0,200.0,200.0,200.0,-0.0,128844,10.87405800819397,,31
200.0,0.0,200.0,200.0,200.0,200.0,0.0,200.0,200.0,200.0,-0.0,132844,11.204023122787476,,32
200.0,0.0,200.0,200.0,200.0,200.0,0.0,200.0,200.0,200.0,-0.0,136844,11.53476881980896,,33
200.0,0.0,200.0,200.0,200.0,200.0,0.0,200.0,200.0,200.0,-0.0,140844,11.854047060012817,,34
200.0,0.0,200.0,200.0,200.0,200.0,0.0,200.0,200.0,200.0,-0.0,144844,12.180136919021606,,35
200.0,0.0,200.0,200.0,200.0,199.7619,1.0647942,200.0,195.0,199.76190476190476,-0.004591035190969706,149039,12.52288007736206,,36
200.0,0.0,200.0,200.0,200.0,200.0,0.0,200.0,200.0,200.0,-0.0,153039,12.851696968078613,,37
200.0,0.0,200.0,200.0,200.0,200.0,0.0,200.0,200.0,200.0,-0.0,157039,13.1913001537323,,38
200.0,0.0,200.0,200.0,200.0,200.0,0.0,200.0,200.0,200.0,-0.0,161039,13.517758846282959,,39
200.0,0.0,200.0,200.0,200.0,200.0,0.0,200.0,200.0,200.0,-0.0,165039,13.847118139266968,,40
200.0,0.0,200.0,200.0,200.0,200.0,0.0,200.0,200.0,200.0,-0.0,169039,14.168822050094604,,41
200.0,0.0,200.0,200.0,200.0,200.0,0.0,200.0,200.0,200.0,-0.0,173039,14.493942975997925,,42
200.0,0.0,200.0,200.0,200.0,200.0,0.0,200.0,200.0,200.0,-0.0,177039,14.823300838470459,,43
200.0,0.0,200.0,200.0,200.0,200.0,0.0,200.0,200.0,200.0,-0.0,181039,15.150660753250122,,44
200.0,0.0,200.0,200.0,200.0,200.0,0.0,200.0,200.0,200.0,-0.0,185039,15.47478985786438,,45
200.0,0.0,200.0,200.0,200.0,200.0,0.0,200.0,200.0,200.0,-0.0,189039,15.801055908203125,,46
200.0,0.0,200.0,200.0,200.0,200.0,0.0,200.0,200.0,200.0,-0.0,193039,16.125966787338257,,47
200.0,0.0,200.0,200.0,200.0,200.0,0.0,200.0,200.0,200.0,-0.0,197039,16.456115007400513,,48
200.0,0.0,200.0,200.0,200.0,200.0,0.0,200.0,200.0,200.0,-0.0,201039,16.782862901687622,,49
200.0,0.0,200.0,200.0,200.0,200.0,0.0,200.0,200.0,200.0,-0.0,205039,17.109049797058105,,50
200.0,0.0,200.0,200.0,200.0,200.0,0.0,200.0,200.0,200.0,-0.0,209039,17.430032968521118,,51
200.0,0.0,200.0,200.0,200.0,200.0,0.0,200.0,200.0,200.0,-0.0,213039,17.754979133605957,,52
200.0,0.0,200.0,200.0,200.0,200.0,0.0,200.0,200.0,200.0,-0.0,217039,18.0780029296875,,53
200.0,0.0,200.0,200.0,200.0,200.0,0.0,200.0,200.0,200.0,-0.0,221039,18.408829927444458,,54
200.0,0.0,200.0,200.0,200.0,200.0,0.0,200.0,200.0,200.0,-0.0,225039,18.737966775894165,,55
200.0,0.0,200.0,200.0,200.0,200.0,0.0,200.0,200.0,200.0,-0.0,229039,19.06741499900818,,56
200.0,0.0,200.0,200.0,200.0,200.0,0.0,200.0,200.0,200.0,-0.0,233039,19.39700675010681,,57
200.0,0.0,200.0,200.0,200.0,200.0,0.0,200.0,200.0,200.0,-0.0,237039,19.72530508041382,,58
200.0,0.0,200.0,200.0,200.0,200.0,0.0,200.0,200.0,200.0,-0.0,241039,20.0554358959198,,59
200.0,0.0,200.0,200.0,200.0,200.0,0.0,200.0,200.0,200.0,-0.0,245039,20.380913972854614,,60
200.0,0.0,200.0,200.0,200.0,200.0,0.0,200.0,200.0,200.0,-0.0,249039,20.704819917678833,,61
200.0,0.0,200.0,200.0,200.0,200.0,0.0,200.0,200.0,200.0,-0.0,253039,21.030550003051758,,62
200.0,0.0,200.0,200.0,200.0,200.0,0.0,200.0,200.0,200.0,-0.0,257039,21.353967905044556,,63
200.0,0.0,200.0,200.0,200.0,200.0,0.0,200.0,200.0,200.0,-0.0,261039,21.679373025894165,,64
200.0,0.0,200.0,200.0,200.0,200.0,0.0,200.0,200.0,200.0,-0.0,265039,22.00930404663086,,65
200.0,0.0,200.0,200.0,200.0,200.0,0.0,200.0,200.0,200.0,-0.0,269039,22.34231972694397,,66
200.0,0.0,200.0,200.0,200.0,200.0,0.0,200.0,200.0,200.0,-0.0,273039,22.67167377471924,,67
200.0,0.0,200.0,200.0,200.0,200.0,0.0,200.0,200.0,200.0,-0.0,277039,22.998285055160522,,68
200.0,0.0,200.0,200.0,200.0,200.0,0.0,200.0,200.0,200.0,-0.0,281039,23.33032989501953,,69
200.0,0.0,200.0,200.0,200.0,200.0,0.0,200.0,200.0,200.0,-0.0,285039,23.661920070648193,,70
200.0,0.0,200.0,200.0,200.0,200.0,0.0,200.0,200.0,200.0,-0.0,289039,23.99227285385132,,71
200.0,0.0,200.0,200.0,200.0,200.0,0.0,200.0,200.0,200.0,-0.0,293039,24.316205978393555,,72
200.0,0.0,200.0,200.0,200.0,200.0,0.0,200.0,200.0,200.0,-0.0,297039,24.6402370929718,,73
200.0,0.0,200.0,200.0,200.0,200.0,0.0,200.0,200.0,200.0,-0.0,301039,24.972749948501587,,74
200.0,0.0,200.0,200.0,200.0,200.0,0.0,200.0,200.0,200.0,-0.0,305039,25.299972772598267,,75
200.0,0.0,200.0,200.0,200.0,200.0,0.0,200.0,200.0,200.0,-0.0,309039,25.627498865127563,,76
200.0,0.0,200.0,200.0,200.0,200.0,0.0,200.0,200.0,200.0,-0.0,313039,25.96211290359497,,77
200.0,0.0,200.0,200.0,200.0,200.0,0.0,200.0,200.0,200.0,-0.0,317039,26.289820909500122,,78
200.0,0.0,200.0,200.0,200.0,200.0,0.0,200.0,200.0,200.0,-0.0,321039,26.61696481704712,,79
200.0,0.0,200.0,200.0,200.0,200.0,0.0,200.0,200.0,200.0,-0.0,325039,26.940771102905273,,80
200.0,0.0,200.0,200.0,200.0,200.0,0.0,200.0,200.0,200.0,-0.0,329039,27.280273914337158,,81
200.0,0.0,200.0,200.0,200.0,200.0,0.0,200.0,200.0,200.0,-0.0,333039,27.607342004776,,82
200.0,0.0,200.0,200.0,200.0,200.0,0.0,200.0,200.0,200.0,-0.0,337039,27.933451890945435,,83
200.0,0.0,200.0,200.0,200.0,200.0,0.0,200.0,200.0,200.0,-0.0,341039,28.25453495979309,,84
200.0,0.0,200.0,200.0,200.0,200.0,0.0,200.0,200.0,200.0,-0.0,345039,28.581557035446167,,85
200.0,0.0,200.0,200.0,200.0,200.0,0.0,200.0,200.0,200.0,-0.0,349039,28.918537855148315,,86
200.0,0.0,200.0,200.0,200.0,200.0,0.0,200.0,200.0,200.0,-0.0,353039,29.23944091796875,,87
200.0,0.0,200.0,200.0,200.0,200.0,0.0,200.0,200.0,200.0,-0.0,357039,29.56626582145691,,88
200.0,0.0,200.0,200.0,200.0,200.0,0.0,200.0,200.0,200.0,-0.0,361039,29.896458864212036,,89
200.0,0.0,200.0,200.0,200.0,200.0,0.0,200.0,200.0,200.0,-0.0,365039,30.22545886039734,,90
200.0,0.0,200.0,200.0,200.0,200.0,0.0,200.0,200.0,200.0,-0.0,369039,30.55501890182495,,91
200.0,0.0,200.0,200.0,200.0,200.0,0.0,200.0,200.0,200.0,-0.0,373039,30.88399577140808,,92
200.0,0.0,200.0,200.0,200.0,200.0,0.0,200.0,200.0,200.0,-0.0,377039,31.21478295326233,,93
200.0,0.0,200.0,200.0,200.0,200.0,0.0,200.0,200.0,200.0,-0.0,381039,31.539143800735474,,94
200.0,0.0,200.0,200.0,200.0,200.0,0.0,200.0,200.0,200.0,-0.0,385039,31.871306896209717,,95
200.0,0.0,200.0,200.0,200.0,200.0,0.0,200.0,200.0,200.0,-0.0,389039,32.205785036087036,,96
200.0,0.0,200.0,200.0,200.0,200.0,0.0,200.0,200.0,200.0,-0.0,393039,32.53391480445862,,97
200.0,0.0,200.0,200.0,200.0,200.0,0.0,200.0,200.0,200.0,-0.0,397039,32.86235809326172,,98
200.0,0.0,200.0,200.0,200.0,200.0,0.0,200.0,200.0,200.0,-0.0,401039,33.1891450881958,,99
