Eval_AverageReturn,Eval_StdReturn,Eval_MaxReturn,Eval_MinReturn,Eval_AverageEpLen,Train_AverageReturn,Train_StdReturn,Train_MaxReturn,Train_MinReturn,Train_AverageEpLen,Actor Loss,Baseline Loss 0,Baseline Loss 1,Baseline Loss 2,Baseline Loss 3,Baseline Loss 4,Baseline Loss,Train_EnvstepsSoFar,TimeSinceStart,Initial_DataCollection_AverageReturn,step
-205.69412,86.838326,-95.33589,-353.83093,96.66666666666667,-149.6086,100.35343,15.478653,-500.7471,90.95652173913044,-110.97061920166016,9431.13671875,9266.8046875,9043.2041015625,8764.947265625,8503.916015625,8503.916015625,2092,0.5648531913757324,-149.6086,0
-181.62212,94.00198,-74.23311,-449.17505,89.34782608695652,-154.63382,117.69103,-5.728263,-463.28488,95.42857142857143,-97.19646453857422,9199.2890625,9066.3232421875,8963.2509765625,8871.349609375,8783.0703125,8783.0703125,4096,3.6995890140533447,,1
-157.04456,85.70485,-0.2500534,-352.28842,101.25,-153.7226,85.33299,-61.124695,-339.66928,91.13636363636364,-108.78267669677734,8384.81640625,8282.0146484375,8179.16357421875,8076.34326171875,7973.705078125,7973.705078125,6101,4.392498970031738,,2
-139.94942,91.7669,-8.023941,-487.6753,89.43478260869566,-151.46585,60.615387,-52.83565,-275.42538,97.0952380952381,-93.3399429321289,5578.70068359375,5487.2763671875,5396.90673828125,5307.62451171875,5219.45556640625,5219.45556640625,8140,4.94749903678894,,3
-128.69904,43.674572,-25.785294,-233.71924,85.33333333333333,-115.11758,68.21137,-20.860123,-386.6646,90.82608695652173,-62.47264862060547,3550.6796875,3491.798828125,3435.030517578125,3380.21337890625,3327.205810546875,3327.205810546875,10229,5.50725793838501,,4
-129.9449,75.47106,13.055016,-353.84656,97.0952380952381,-132.64145,54.32187,-58.2818,-270.75772,89.21739130434783,-75.75647735595703,3782.3935546875,3715.895751953125,3650.0986328125,3585.051025390625,3520.79248046875,3520.79248046875,12281,6.069555044174194,,5
-141.0656,51.54291,-63.916428,-269.8569,94.77272727272727,-121.08529,48.40386,-56.899635,-259.33942,89.78260869565217,-62.39338302612305,2841.76220703125,2787.556396484375,2734.643310546875,2682.97509765625,2632.506591796875,2632.506591796875,14346,6.6412928104400635,,6
-123.55057,53.67111,23.820839,-226.18805,88.1304347826087,-164.82527,71.33144,-56.418564,-325.1232,97.71428571428571,-80.79966735839844,5051.9482421875,4983.20703125,4914.22314453125,4845.1826171875,4776.2451171875,4776.2451171875,16398,7.205196142196655,,7
-132.50124,61.48833,19.303432,-257.65964,93.63636363636364,-133.15828,70.32714,-11.736805,-343.61963,96.61904761904762,-56.2223014831543,3812.54296875,3763.31396484375,3715.5791015625,3669.2626953125,3624.29443359375,3624.29443359375,18427,7.7725560665130615,,8
-113.801926,45.501957,-52.235897,-236.33417,89.47826086956522,-139.12997,53.26962,-67.426544,-283.70715,100.1,-56.18636703491211,2804.539794921875,2758.1640625,2712.772705078125,2668.3486328125,2624.8740234375,2624.8740234375,20429,8.336810111999512,,9
-135.89114,49.618732,-55.080627,-292.76492,100.95238095238095,-121.76792,56.96632,-44.503548,-265.1815,91.77272727272727,-46.345699310302734,2250.20947265625,2213.755615234375,2178.44970703125,2144.236083984375,2111.0625,2111.0625,22448,8.914515972137451,,10
-128.09761,75.018585,1.8627725,-277.2301,110.10526315789474,-141.0777,82.92688,42.915993,-328.43747,107.52631578947368,-42.24449920654297,3675.206298828125,3644.849365234375,3615.440185546875,3586.935791015625,3559.295654296875,3559.295654296875,24491,10.018619060516357,,11
-118.08975,41.984535,-46.99296,-226.74435,112.55555555555556,-108.74111,69.95067,18.173065,-357.40115,90.78260869565217,-26.395694732666016,2301.43017578125,2284.17578125,2267.9296875,2252.607666015625,2238.134521484375,2238.134521484375,26579,10.72697401046753,,12
-108.59424,63.36434,6.1644897,-309.62564,102.5,-116.48489,62.109566,4.316635,-299.06097,112.66666666666667,-20.607236862182617,1882.4150390625,1871.1011962890625,1860.473388671875,1850.474365234375,1841.0517578125,1841.0517578125,28607,11.318164110183716,,13
-106.58586,32.704067,-56.7375,-175.06223,102.4,-120.6072,43.737152,-48.378113,-213.51302,97.14285714285714,-29.554697036743164,1274.9400634765625,1261.1224365234375,1247.509033203125,1234.11181640625,1220.93896484375,1220.93896484375,30647,11.894598007202148,,14
-116.903114,43.949963,-23.957054,-213.8935,103.15,-116.7536,56.38531,-6.2744904,-233.71046,107.15789473684211,-19.069744110107422,1396.783935546875,1388.3790283203125,1380.408203125,1372.8394775390625,1365.6446533203125,1365.6446533203125,32683,12.483330965042114,,15
-115.4651,37.982117,-57.387756,-225.86215,100.57142857142857,-103.4629,37.73297,11.457794,-144.4676,107.21052631578948,-9.738777160644531,1026.2464599609375,1022.8469848632812,1019.7579345703125,1016.94580078125,1014.38134765625,1014.38134765625,34720,13.07653522491455,,16
-109.70292,25.400013,-67.52385,-154.2483,106.84210526315789,-91.21506,61.132217,16.17836,-278.31964,106.05263157894737,-1.3581544160842896,1867.4173583984375,1867.333984375,1867.3165283203125,1867.348388671875,1867.415771484375,1867.415771484375,36735,13.662812948226929,,17
-92.32277,49.514942,5.9750366,-199.0747,115.05555555555556,-87.67883,35.48404,1.1151638,-151.97156,108.73684210526316,5.9330220222473145,939.6213989257812,940.6327514648438,941.490234375,942.1997680664062,942.7686157226562,942.7686157226562,38801,14.271277904510498,,18
-105.87098,34.37534,-40.50289,-210.10258,94.18181818181819,-117.25412,43.67484,-66.644226,-250.0557,92.63636363636364,-22.877918243408203,1168.94873046875,1166.70849609375,1163.7664794921875,1160.2020263671875,1156.0889892578125,1156.0889892578125,40839,14.844120979309082,,19
-105.64522,31.559875,-42.09245,-169.84933,103.2,-126.48358,54.57873,-45.482864,-247.84792,107.15789473684211,-21.2086238861084,1197.08642578125,1192.27783203125,1187.1531982421875,1181.7623291015625,1176.1512451171875,1176.1512451171875,42875,15.43825101852417,,20
-84.05852,31.871555,-39.305443,-186.65283,102.75,-101.35663,36.094402,-40.496254,-180.88062,102.35,-8.014176368713379,613.29541015625,611.2884521484375,609.4322509765625,607.7129516601562,606.1180419921875,606.1180419921875,44922,16.568269968032837,,21
-80.05561,33.16109,-27.969017,-169.65302,110.42105263157895,-98.949104,39.1371,-39.194984,-187.4085,112.38888888888889,2.0567145347595215,1015.7803344726562,1016.3173828125,1016.817626953125,1017.2759399414062,1017.6890869140625,1017.6890869140625,46945,17.304201126098633,,22
-75.61382,28.831781,-22.871021,-124.079254,113.72222222222223,-86.357346,42.24405,-34.305717,-186.7549,114.55555555555556,10.293177604675293,834.751953125,835.5390014648438,836.082275390625,836.400146484375,836.5109252929688,836.5109252929688,49007,17.913300037384033,,23
-78.62233,27.659302,-28.956917,-145.94185,108.5,-90.445145,28.164276,-30.401943,-139.73929,107.3157894736842,3.7234225273132324,674.6676025390625,674.6007690429688,674.5053100585938,674.384521484375,674.2410278320312,674.2410278320312,51046,18.530670881271362,,24
-79.43879,28.005848,-17.545994,-130.19984,120.11111111111111,-90.08847,23.163427,-30.305534,-121.231804,116.55555555555556,8.22799015045166,693.3182373046875,692.8317260742188,692.2311401367188,691.5303344726562,690.7427368164062,690.7427368164062,53144,19.174508810043335,,25
-77.47899,36.288177,-18.646095,-132.58975,118.83333333333333,-73.749084,23.99337,-38.671158,-133.63995,120.11764705882354,18.14626121520996,970.7787475585938,968.3545532226562,965.4476928710938,962.1201171875,958.4290161132812,958.4290161132812,55186,19.807576894760132,,26
-92.59669,31.238472,-49.60797,-153.23198,118.47058823529412,-80.95589,30.80435,-17.785622,-158.10632,127.9375,14.674503326416016,828.2985229492188,824.6367797851562,820.8558959960938,816.9840698242188,813.0465087890625,813.0465087890625,57233,20.437992095947266,,27
-80.80396,24.060114,-42.768047,-139.92172,124.17647058823529,-79.543564,27.644234,-35.816498,-134.72717,133.875,18.311389923095703,910.8460083007812,905.5120239257812,900.0064086914062,894.3701782226562,888.6407470703125,888.6407470703125,59375,21.091683864593506,,28
-56.215084,31.052229,-19.220306,-138.50299,124.0,-78.82771,40.9767,-8.258083,-173.64151,131.0625,14.927502632141113,1369.8406982421875,1364.499267578125,1359.2010498046875,1353.9627685546875,1348.7978515625,1348.7978515625,61472,21.739937782287598,,29
-66.16751,23.534266,-15.749802,-119.35907,117.77777777777777,-65.816635,22.45454,-37.743458,-115.11775,138.73333333333332,22.3789119720459,1089.0916748046875,1080.393798828125,1071.3690185546875,1062.091796875,1052.6302490234375,1052.6302490234375,63553,22.41007399559021,,30
-50.73723,30.96023,-23.080032,-156.65727,135.2,-69.68139,50.242638,-15.063614,-209.93207,160.46153846153845,19.850860595703125,1196.7454833984375,1187.46630859375,1178.205078125,1168.9986572265625,1159.8785400390625,1159.8785400390625,65639,23.9387469291687,,31
-54.170353,40.184635,17.349323,-141.79109,183.8181818181818,-46.70244,48.422813,61.302517,-136.41574,123.58823529411765,19.0988826751709,1422.7476806640625,1413.008056640625,1403.3546142578125,1393.818603515625,1384.426025390625,1384.426025390625,67740,24.793292999267578,,32
-62.66115,23.948349,-16.797195,-99.56016,173.08333333333334,-59.211426,41.737522,-6.4463234,-141.87433,158.76923076923077,17.9061336517334,1145.2904052734375,1136.005126953125,1126.903076171875,1118.0018310546875,1109.314453125,1109.314453125,69804,25.504268884658813,,33
-65.7982,61.4447,3.4176776,-197.31854,192.27272727272728,-48.483723,25.652817,-1.8004456,-87.25415,146.92857142857142,20.801694869995117,1014.8672485351562,1004.1306762695312,993.4332885742188,982.8178100585938,972.321044921875,972.321044921875,71861,26.23378324508667,,34
-38.95142,36.553436,28.104437,-96.93405,247.22222222222223,-81.616684,57.85189,-5.446224,-184.92276,235.11111111111111,17.65237808227539,1274.82861328125,1264.891357421875,1255.172119140625,1245.6876220703125,1236.4503173828125,1236.4503173828125,73977,27.20793604850769,,35
-56.306717,68.36877,12.021639,-207.20836,226.88888888888889,-52.3315,39.744144,16.191216,-125.396164,182.75,18.6291446685791,1070.7266845703125,1060.23779296875,1049.8917236328125,1039.7183837890625,1029.7418212890625,1029.7418212890625,76170,28.14241600036621,,36
-132.45091,156.72751,31.882172,-301.57877,524.25,-23.007793,21.010017,10.028412,-48.140278,474.4,37.983097076416016,1774.9774169921875,1751.5343017578125,1726.35302734375,1699.7584228515625,1672.0443115234375,1672.0443115234375,78542,30.675735235214233,,37
-230.37366,160.84326,-84.829926,-481.03534,378.3333333333333,-113.45286,100.8484,-26.83139,-315.55817,284.44444444444446,3.0115885734558105,1456.0491943359375,1453.47265625,1451.433837890625,1449.837158203125,1448.603271484375,1448.603271484375,81102,32.06183314323425,,38
-114.08498,66.288246,-42.451157,-208.55067,519.75,-64.25608,69.04326,0.9897156,-188.72882,424.0,19.432937622070312,1366.3758544921875,1355.671142578125,1344.92919921875,1334.20458984375,1323.545654296875,1323.545654296875,83222,34.234326124191284,,39
-157.8641,169.16463,40.167343,-366.74582,630.0,-72.39405,78.257164,-2.168106,-212.724,412.2,13.369241714477539,1497.6634521484375,1490.558349609375,1483.8197021484375,1477.43115234375,1471.376220703125,1471.376220703125,85283,36.54897999763489,,40
-90.62373,86.037636,42.331017,-219.37646,255.5,-192.01106,119.73428,-11.943962,-321.0972,346.42857142857144,-22.65822410583496,1857.3616943359375,1866.3570556640625,1872.616455078125,1876.343505859375,1877.7496337890625,1877.7496337890625,87708,39.98090982437134,,41
-55.80779,64.11682,12.246117,-141.72836,749.6666666666666,-170.41028,109.40813,-52.598343,-316.1809,752.0,11.587747573852539,1616.806396484375,1616.740478515625,1616.3602294921875,1615.6988525390625,1614.7882080078125,1614.7882080078125,89964,42.90772199630737,,42
-94.867546,46.70341,-34.36209,-157.51616,509.0,-77.76666,56.206654,45.11943,-149.04431,246.88888888888889,1.2136125564575195,1500.1881103515625,1500.06689453125,1499.9608154296875,1499.8681640625,1499.7867431640625,1499.7867431640625,92186,44.577595949172974,,43
-27.587576,32.712864,13.953407,-65.99204,728.3333333333334,-128.29562,75.98052,-5.85009,-227.126,410.0,-5.558145999908447,1633.2841796875,1633.6029052734375,1633.781982421875,1633.833251953125,1633.768798828125,1633.768798828125,94236,47.013495206832886,,44
-10.864271,35.270344,22.88266,-93.67444,310.7142857142857,-33.580544,46.38469,17.358994,-122.07417,260.375,14.313602447509766,1657.5794677734375,1657.3248291015625,1656.483154296875,1655.1180419921875,1653.2906494140625,1653.2906494140625,96319,48.51167106628418,,45
-42.484352,87.27587,4.5544357,-216.96135,438.6,-16.800318,23.596169,26.738373,-47.110046,488.6666666666667,24.97292709350586,1229.248046875,1222.6654052734375,1214.32763671875,1204.470703125,1193.3162841796875,1193.3162841796875,99251,51.4090142250061,,46
-26.408209,23.413063,3.4376612,-63.286747,304.2857142857143,-28.471436,33.57337,34.880882,-62.642776,335.3333333333333,19.884681701660156,1347.5274658203125,1337.813232421875,1327.9146728515625,1317.9046630859375,1307.8487548828125,1307.8487548828125,101263,53.30258107185364,,47
-67.21698,64.96118,-18.203377,-186.30219,451.0,-26.396175,32.76952,14.775135,-81.25916,293.2857142857143,16.399019241333008,1309.879638671875,1300.261962890625,1290.7823486328125,1281.4730224609375,1272.360107421875,1272.360107421875,103316,55.38336801528931,,48
-17.720963,36.069473,23.407051,-86.144226,262.375,1.5937076,31.373785,47.589905,-29.931303,578.5,24.325416564941406,1022.8444213867188,1007.9931030273438,992.7277221679688,977.1785888671875,961.4627075195312,961.4627075195312,105630,57.818711042404175,,49
-0.4668293,35.837757,32.508953,-74.56735,230.11111111111111,-85.6569,38.0045,-41.505108,-145.03192,512.5,4.327393054962158,1120.52685546875,1117.9654541015625,1115.8387451171875,1114.0797119140625,1112.6307373046875,1112.6307373046875,107680,59.555426836013794,,50
-15.181421,40.450943,49.726273,-75.88042,272.875,-15.392559,36.260773,51.741547,-70.055626,166.53846153846155,8.463973045349121,1305.579833984375,1302.000732421875,1298.6680908203125,1295.5655517578125,1292.677734375,1292.677734375,109845,61.60829710960388,,51
15.913808,24.777163,48.667583,-21.72314,260.0,-39.884617,36.021305,5.546796,-105.32197,303.57142857142856,5.1659135818481445,1586.01416015625,1584.21044921875,1582.581298828125,1581.109375,1579.7794189453125,1579.7794189453125,111970,63.64955186843872,,52
-19.022474,35.28366,29.631802,-60.52115,293.2857142857143,-39.93688,44.21336,19.10397,-108.39359,324.2857142857143,9.505072593688965,1146.08251953125,1143.560546875,1141.0909423828125,1138.6806640625,1136.3348388671875,1136.3348388671875,114240,65.35482001304626,,53
18.476849,9.260242,27.737091,9.216606,1000.0,3.5199327,7.599942,12.047114,-8.651302,600.5,16.58570098876953,818.7765502929688,812.6874389648438,806.0885009765625,799.0757446289062,791.7371215820312,791.7371215820312,116642,68.0854868888855,,54
-37.647167,42.47115,15.275787,-125.67187,301.2857142857143,-80.8247,122.21267,51.56624,-271.66864,447.6666666666667,-0.6594299674034119,2724.75390625,2726.66064453125,2728.364013671875,2729.853271484375,2731.12353515625,2731.12353515625,119328,70.1779100894928,,55
24.70262,18.469326,46.684277,-7.241335,343.0,-33.58263,51.068634,66.86541,-103.71657,397.0,2.775501251220703,1113.3433837890625,1112.591552734375,1111.8719482421875,1111.1844482421875,1110.52880859375,1110.52880859375,121710,72.26253819465637,,56
-3.680167,4.1472135,1.0861359,-9.02319,724.0,7.724645,38.91222,68.259674,-47.000732,478.3333333333333,11.68841552734375,1059.7352294921875,1056.9140625,1053.69873046875,1050.1522216796875,1046.333251953125,1046.333251953125,124580,75.41119003295898,,57
-18.210709,13.243233,-4.967476,-31.453941,1000.0,-14.045654,36.80801,16.777542,-81.45293,457.8,6.62166166305542,1115.865478515625,1113.5472412109375,1111.30859375,1109.152099609375,1107.0794677734375,1107.0794677734375,126869,78.09596395492554,,58
-4.4746995,50.963696,38.4812,-76.07291,727.6666666666666,-26.592957,31.56164,4.4655457,-81.785416,490.8,2.1332433223724365,1639.0145263671875,1637.9041748046875,1636.895751953125,1635.980224609375,1635.14892578125,1635.14892578125,129323,80.80919003486633,,59
12.144646,15.557983,27.70263,-3.4133377,1000.0,0.27848625,10.220464,16.941628,-8.501022,616.75,8.164092063903809,681.9154052734375,679.6459350585938,677.3197021484375,674.9573974609375,672.5773315429688,672.5773315429688,131790,84.32133793830872,,60
-29.55935,44.267155,30.920135,-73.80072,671.6666666666666,-26.65074,25.053394,-1.0198822,-60.651146,669.6666666666666,7.973208427429199,790.2452392578125,787.8916015625,785.564453125,783.2743530273438,781.0299072265625,781.0299072265625,133799,89.86155200004578,,61
1.3134727,16.44228,17.755753,-15.128807,1000.0,-33.50963,24.281063,-14.069775,-67.74331,726.6666666666666,7.426826000213623,402.8642883300781,400.6167907714844,398.4252624511719,396.2955627441406,394.2323303222656,394.2323303222656,135979,92.79478693008423,,62
19.308325,24.63581,47.95553,-12.187584,716.3333333333334,-26.748428,25.219732,7.696762,-51.98345,746.6666666666666,5.3026323318481445,437.1751403808594,435.4399108886719,433.7889099121094,432.220703125,430.7334899902344,430.7334899902344,138219,95.64212584495544,,63
-49.069286,25.85046,-15.206726,-77.932236,788.6666666666666,-14.538368,0.13996124,-14.398407,-14.678329,1000.0,6.515589714050293,481.4159240722656,479.30596923828125,477.2179260253906,475.161865234375,473.14617919921875,473.14617919921875,140219,98.62592101097107,,64
-12.76913,21.553919,14.874878,-37.7138,757.6666666666666,-9.56439,24.87656,19.019308,-41.618393,765.6666666666666,3.3285093307495117,731.79541015625,730.6390991210938,729.5722045898438,728.5884399414062,727.681640625,727.681640625,142516,101.80275011062622,,65
19.927525,1.0901451,21.01767,18.83738,1000.0,-8.375256,19.097912,10.722656,-27.473167,1000.0,6.243453025817871,495.0880126953125,493.3621826171875,491.6388244628906,489.9281921386719,488.2395324707031,488.2395324707031,144516,104.79350900650024,,66
55.947742,3.6905556,59.638298,52.257187,1000.0,35.14664,38.197018,73.34366,-3.050377,1000.0,8.51130199432373,579.5546875,576.9630737304688,574.3035278320312,571.6011352539062,568.878173828125,568.878173828125,146516,107.68358302116394,,67
0.09939575,30.053846,26.568954,-41.934208,732.6666666666666,7.465696,39.747616,59.482254,-36.995705,726.6666666666666,2.1205873489379883,640.0270385742188,638.9603271484375,637.9996948242188,637.1349487304688,636.3570556640625,636.3570556640625,148696,110.97613906860352,,68
-46.93978,111.088936,85.07042,-205.18126,501.4,5.661421,3.0011044,8.662525,2.6603165,1000.0,1.5608675479888916,604.0841674804688,603.5316162109375,603.0416259765625,602.607421875,602.2229614257812,602.2229614257812,150696,113.76235699653625,,69
16.298326,43.213036,63.785378,-40.75863,697.6666666666666,4.632411,19.395609,35.11877,-20.12606,529.6,2.334333896636963,795.52294921875,794.94677734375,794.40380859375,793.8930053710938,793.413330078125,793.413330078125,153344,116.44522190093994,,70
39.847755,13.86389,62.45169,27.050743,586.5,23.133179,20.118034,43.251213,3.0151463,1000.0,5.316948413848877,641.0565185546875,640.0250244140625,638.9627685546875,637.8804931640625,636.7879028320312,636.7879028320312,155344,122.65848302841187,,71
13.386771,31.513628,49.57047,-44.6259,270.8888888888889,15.673137,6.666038,23.343529,7.0915833,745.0,3.1179726123809814,868.330322265625,867.6530151367188,867.0154418945312,866.4161376953125,865.8536987304688,865.8536987304688,157579,124.77084708213806,,72
16.56118,24.82242,48.616028,-26.743736,456.5,22.314257,13.02243,40.93454,4.126549,573.75,0.5395583510398865,682.740966796875,682.5506591796875,682.3897094726562,682.254150390625,682.1403198242188,682.1403198242188,159874,127.56858205795288,,73
10.852376,14.830187,31.418861,-4.0157814,290.7142857142857,7.8784394,6.9342747,16.860088,-0.021743774,709.0,1.3606382608413696,460.0872802734375,459.87481689453125,459.678466796875,459.4972229003906,459.3301086425781,459.3301086425781,162001,129.5861210823059,,74
10.4448595,28.961084,64.39348,-28.058031,259.25,24.482346,31.114902,58.659576,-6.949793,568.0,2.7404720783233643,732.7178955078125,732.3013305664062,731.8715209960938,731.4329833984375,730.9898681640625,730.9898681640625,164273,131.87903904914856,,75
12.532181,31.19406,81.38241,-56.193836,219.3846153846154,11.651634,28.000051,52.11958,-25.689375,454.1666666666667,1.498368740081787,801.4729614257812,801.284423828125,801.1134033203125,800.958740234375,800.8187255859375,800.8187255859375,166998,134.45126700401306,,76
24.152288,28.278496,94.20076,-7.0630264,226.88888888888889,-1.4831145,30.517405,45.992302,-53.88916,289.57142857142856,-4.8847455978393555,1118.289306640625,1118.662109375,1118.8599853515625,1118.8975830078125,1118.789794921875,1118.789794921875,169025,135.9481339454651,,77
-0.6521187,30.514317,42.488445,-46.64714,238.44444444444446,28.984749,33.98376,75.08865,-42.986496,329.3333333333333,3.0624630451202393,917.4967651367188,917.5726318359375,917.5969848632812,917.5744018554688,917.5099487304688,917.5099487304688,171989,138.13809895515442,,78
-17.977331,31.269348,38.008194,-67.724174,156.6153846153846,5.119141,43.87419,65.59315,-72.02511,145.28571428571428,-1.0720220804214478,1803.1826171875,1803.218505859375,1803.239013671875,1803.24560546875,1803.2391357421875,1803.2391357421875,174023,138.8157389163971,,79
14.140243,40.564873,98.97297,-28.769047,258.75,17.754787,38.270775,102.57258,-41.566593,224.66666666666666,2.575137138366699,1171.061279296875,1171.061279296875,1171.040283203125,1171.0003662109375,1170.94384765625,1170.94384765625,176045,140.2227327823639,,80
42.12753,26.578259,68.768524,-4.8084717,256.25,32.80135,62.830734,146.91898,-38.61535,459.6666666666667,3.9446182250976562,1073.9007568359375,1073.704345703125,1073.4560546875,1073.1629638671875,1072.83251953125,1072.83251953125,178803,142.71346402168274,,81
4.719677,60.59373,89.47976,-79.162254,600.0,-1.14742,50.46687,67.209076,-73.395294,291.14285714285717,-3.123383045196533,1634.31005859375,1634.5889892578125,1634.757568359375,1634.8248291015625,1634.79931640625,1634.79931640625,180841,145.0962769985199,,82
75.98858,58.496628,134.23245,-4.010872,723.0,-7.902725,62.57782,99.28375,-56.09209,610.0,-3.1380515098571777,813.4346313476562,813.3114624023438,813.1531982421875,812.9647827148438,812.7511596679688,812.7511596679688,183281,147.74271702766418,,83
27.629204,47.634563,72.75749,-39.906242,614.25,17.483112,61.48881,113.51818,-91.07591,421.7142857142857,1.8579468727111816,999.489501953125,999.5899658203125,999.6691284179688,999.7279663085938,999.7677612304688,999.7677612304688,186233,150.23465704917908,,84
56.51005,42.130707,115.64655,3.5231209,580.0,91.83943,40.30467,132.1441,51.534767,1000.0,7.47514009475708,414.3524475097656,414.12139892578125,413.59149169921875,412.7979736328125,411.7754821777344,411.7754821777344,188233,152.722669839859,,85
107.42029,19.54501,126.9653,87.87528,1000.0,31.209635,42.653008,79.87082,-37.3584,616.5,3.6296136379241943,635.2352905273438,634.6116333007812,633.9915771484375,633.3793334960938,632.7782592773438,632.7782592773438,190699,155.229229927063,,86
37.3605,26.677603,74.96906,-1.5052452,484.8333333333333,105.65182,4.5370026,110.18882,101.114815,1000.0,6.411257743835449,430.889404296875,429.493896484375,427.99237060546875,426.4090576171875,424.7657775878906,424.7657775878906,192699,157.95039010047913,,87
22.068338,61.258366,122.93497,-29.078423,505.0,107.70242,6.214375,113.9168,101.48805,1000.0,10.241427421569824,516.787109375,513.844482421875,510.6851806640625,507.35943603515625,503.9129333496094,503.9129333496094,194699,160.2639582157135,,88
100.07535,17.513565,117.58891,82.56178,1000.0,96.66072,27.315643,123.976364,69.34508,1000.0,6.977563381195068,512.1502685546875,509.4965515136719,506.9222412109375,504.4361267089844,502.0450439453125,502.0450439453125,196699,162.44682502746582,,89
96.82416,3.4187012,100.24286,93.40546,1000.0,42.349373,66.73939,108.572784,-49.00376,763.0,1.250218391418457,664.0481567382812,663.4692993164062,662.9966430664062,662.6140747070312,662.3073120117188,662.3073120117188,198988,165.03891110420227,,90
41.610386,81.76411,120.87424,-70.93234,818.6666666666666,79.91094,74.20854,142.12177,-24.39093,888.3333333333334,2.5014796257019043,910.0108642578125,909.3160400390625,908.679443359375,908.0972900390625,907.5657348632812,907.5657348632812,201653,171.5949149131775,,91
30.581518,72.06498,110.81812,-57.244354,684.0,105.678406,84.10809,222.09773,26.34616,761.0,4.969325542449951,586.1587524414062,584.7095947265625,583.2078247070312,581.6718139648438,580.1177978515625,580.1177978515625,203936,174.42924094200134,,92
31.455868,75.41932,119.82503,-85.75677,656.0,53.61989,66.28541,127.894295,-33.046265,765.3333333333334,-2.044278621673584,763.724365234375,764.1515502929688,764.5416870117188,764.8883666992188,765.1881713867188,765.1881713867188,206232,176.7764711380005,,93
15.394623,62.36172,129.87589,-42.472935,561.8,48.358624,67.564575,118.12597,-56.174538,664.5,-0.5095165371894836,783.8140869140625,783.9322509765625,784.0333251953125,784.1168823242188,784.1832275390625,784.1832275390625,208890,179.17064309120178,,94
70.5207,81.241554,168.80524,-30.152119,748.0,17.694204,80.97579,124.513885,-84.726845,593.6,-5.133742332458496,1070.12646484375,1070.1104736328125,1069.8919677734375,1069.4930419921875,1068.936767578125,1068.936767578125,211858,181.64405298233032,,95
30.703,73.8092,116.364624,-51.176376,635.25,142.24106,7.698555,149.9396,134.5425,1000.0,7.3820695877075195,469.1628112792969,469.6517639160156,469.7239074707031,469.41900634765625,468.77801513671875,468.77801513671875,213858,184.0082130432129,,96
73.57411,111.40805,182.15234,-90.90697,520.0,126.940216,7.8631935,134.8034,119.07702,1000.0,5.627363204956055,268.07769775390625,267.2695007324219,266.3645324707031,265.3816833496094,264.33831787109375,264.33831787109375,215858,186.00840783119202,,97
17.479876,75.78573,171.3145,-50.002247,424.0,14.684113,77.58553,97.599915,-105.01262,631.5,-4.6743879318237305,808.9288940429688,809.6776123046875,810.2249755859375,810.5817260742188,810.7611083984375,810.7611083984375,218384,188.63719987869263,,98
20.048172,107.57867,169.12457,-84.115036,547.75,70.0657,90.98302,147.1593,-57.696,731.0,0.9223026633262634,845.8616333007812,845.8375244140625,845.7973022460938,845.7430419921875,845.6767578125,845.6767578125,220577,190.52748608589172,,99
56.64114,85.03465,175.36508,-19.298145,721.0,0.6628882,48.51808,58.937546,-77.46654,485.8333333333333,-8.097189903259277,1043.6334228515625,1043.3853759765625,1042.4869384765625,1041.013671875,1039.04052734375,1039.04052734375,223492,192.6441559791565,,100
41.357708,55.240547,132.96367,-16.532661,536.8,3.7303817,82.09652,140.84041,-85.66686,533.6,-5.587100028991699,980.8284301757812,979.0780639648438,977.254150390625,975.3807983398438,973.4801635742188,973.4801635742188,226160,199.7869210243225,,101
41.27125,63.44742,148.14787,-20.003998,543.8,85.447136,97.706894,205.68103,-53.315006,558.0,7.155901908874512,964.5130615234375,966.1567993164062,967.3462524414062,968.105712890625,968.4655151367188,968.4655151367188,228950,202.25947999954224,,102
56.45937,73.36218,130.31297,-17.81215,581.5,70.155846,69.01112,155.49823,-4.942154,535.0,4.528158187866211,944.6512451171875,944.5269165039062,944.2955932617188,943.970458984375,943.5650634765625,943.5650634765625,231625,204.42169189453125,,103
152.31921,0.9566803,153.2759,151.36253,1000.0,86.189,66.664154,137.26553,-7.9754715,749.3333333333334,4.860414981842041,834.8849487304688,834.37353515625,833.8214111328125,833.238037109375,832.6325073242188,832.6325073242188,233873,206.51335406303406,,104
127.64355,1.1377335,128.78128,126.50581,1000.0,138.66026,4.094681,142.75494,134.56558,1000.0,6.233162879943848,392.3334045410156,391.1737976074219,389.91876220703125,388.5906677246094,387.2098693847656,387.2098693847656,235873,208.38338994979858,,105
97.44409,39.68666,148.34695,51.517784,727.3333333333334,58.871204,42.884487,118.66286,20.181198,733.0,-0.5859848856925964,801.5908203125,801.8204956054688,802.04296875,802.2515258789062,802.4413452148438,802.4413452148438,238072,210.53358101844788,,106
128.74413,4.6629753,133.4071,124.081154,1000.0,76.47581,69.94096,155.9871,-14.231514,727.6666666666666,3.5619001388549805,771.7945556640625,771.5221557617188,771.2534790039062,770.9904174804688,770.734375,770.734375,240255,212.6018829345703,,107
103.41103,42.91413,146.32516,60.4969,1000.0,73.28876,52.45237,126.32141,1.8555069,752.3333333333334,-0.6013832092285156,565.01416015625,565.0780639648438,565.138916015625,565.1951293945312,565.24560546875,565.24560546875,242512,214.64304184913635,,108
105.17273,19.01503,124.18776,86.1577,1000.0,142.29822,25.402733,167.70096,116.89549,1000.0,5.782144546508789,434.2405700683594,433.72100830078125,433.0420837402344,432.2278747558594,431.3011779785156,431.3011779785156,244512,216.7465889453888,,109
70.20383,41.016003,111.21983,29.187824,1000.0,67.828735,71.201355,139.03009,-3.3726196,1000.0,-4.155762672424316,908.8709716796875,909.5805053710938,910.0367431640625,910.2568969726562,910.2605590820312,910.2605590820312,246512,218.6131830215454,,110
49.751,67.94549,174.60884,-25.702698,509.6,10.918125,31.308456,55.09146,-13.788925,736.0,-6.678847312927246,749.3377075195312,748.720947265625,747.7973022460938,746.6090087890625,745.1966552734375,745.1966552734375,248720,222.02981805801392,,111
96.32339,21.087553,125.77543,77.54025,708.6666666666666,71.15522,92.21239,150.71283,-58.108925,739.0,-0.42833012342453003,1094.1124267578125,1094.0712890625,1094.053955078125,1094.0543212890625,1094.068115234375,1094.068115234375,250937,224.11293196678162,,112
75.562584,25.114573,110.74796,53.774124,721.3333333333334,127.1092,34.49819,161.60739,92.61101,1000.0,3.315397262573242,514.40869140625,514.7432861328125,514.9672241210938,515.087646484375,515.1123657226562,515.1123657226562,252937,226.08048605918884,,113
91.237305,3.7562866,94.99359,87.48102,1000.0,51.37694,52.555965,120.21773,-29.493225,522.6,-3.3655004501342773,1269.6370849609375,1269.644287109375,1269.6312255859375,1269.60009765625,1269.5528564453125,1269.5528564453125,255550,228.3764088153839,,114
141.2076,22.053371,163.26097,119.15423,1000.0,48.04562,59.878685,149.61732,-10.713547,444.3333333333333,1.2670952081680298,1003.9279174804688,1003.9600830078125,1003.9768676757812,1003.9794921875,1003.96923828125,1003.96923828125,258216,230.4333221912384,,115
57.780743,79.25093,180.2096,-57.397392,599.0,60.2222,66.77077,112.40148,-34.025307,715.0,1.3486939668655396,494.6691589355469,494.662353515625,494.6554870605469,494.64837646484375,494.6412658691406,494.6412658691406,260361,232.73036909103394,,116
46.143047,85.96797,194.66035,-54.151855,337.0,4.2614236,47.641594,92.07148,-59.79785,286.85714285714283,-6.126647472381592,1119.1168212890625,1118.87744140625,1118.2926025390625,1117.4039306640625,1116.2535400390625,1116.2535400390625,262369,234.10634899139404,,117
56.002026,63.202557,144.76036,-23.609322,514.0,93.96642,30.775717,124.74214,63.19071,1000.0,1.0583218336105347,453.5726318359375,453.9150085449219,454.2015075683594,454.43133544921875,454.6053161621094,454.6053161621094,264369,235.98150420188904,,118
75.072174,2.9407082,78.01288,72.13146,1000.0,39.462837,67.354126,136.754,-27.217308,622.5,-2.013184070587158,673.7568969726562,673.6629638671875,673.5618896484375,673.4554443359375,673.3453979492188,673.3453979492188,266859,237.96243000030518,,119
93.61575,74.73811,211.37665,-10.140514,523.0,96.0749,5.2520294,101.32693,90.82287,1000.0,1.5540004968643188,488.9936218261719,489.09625244140625,489.1649475097656,489.2017822265625,489.2093811035156,489.2093811035156,268859,240.4150390625,,120
98.3503,81.61398,179.40286,-13.338654,704.6666666666666,89.881256,86.35896,184.44621,-24.333328,745.6666666666666,0.924700140953064,1000.1331176757812,1000.0333251953125,999.8737182617188,999.6622924804688,999.4067993164062,999.4067993164062,271096,245.6903200149536,,121
132.46304,21.152962,153.61601,111.31009,1000.0,122.66835,9.2043915,131.87274,113.46396,1000.0,3.8876795768737793,506.6431884765625,506.0934753417969,505.4596862792969,504.7579345703125,504.0031433105469,504.0031433105469,273096,247.79341912269592,,122
60.619835,55.420475,147.79312,-27.352982,417.14285714285717,95.86,13.144642,109.00464,82.715355,1000.0,2.9364852905273438,368.4748840332031,367.92230224609375,367.385498046875,366.8671875,366.36981201171875,366.36981201171875,275096,250.08058619499207,,123
82.95958,57.64332,148.21161,8.01622,719.3333333333334,83.02951,43.40058,148.32025,47.92356,451.1666666666667,3.923646926879883,951.2715454101562,950.4314575195312,949.5772094726562,948.7186889648438,947.8648071289062,947.8648071289062,277803,252.2382869720459,,124
89.62655,81.252426,175.97948,-19.202896,765.6666666666666,66.52517,62.73925,175.33553,10.765678,486.8,3.7199857234954834,753.1512451171875,752.3342895507812,751.5416259765625,750.7775268554688,750.045166015625,750.045166015625,280237,254.36492204666138,,125
70.234924,47.60633,133.50742,19.251488,570.25,84.594795,111.63348,244.91553,-70.84689,538.2,5.72036075592041,992.7337646484375,991.3916015625,990.0140991210938,988.6190795898438,987.222412109375,987.222412109375,282928,256.7169029712677,,126
181.77605,46.240116,239.21553,125.98692,814.3333333333334,76.3053,90.04791,142.0248,-51.019524,728.0,0.9331899285316467,1009.0320434570312,1008.9384155273438,1008.8873901367188,1008.8690185546875,1008.8755493164062,1008.8755493164062,285112,258.9097809791565,,127
47.03102,22.787964,61.474136,7.635124,574.5,105.44114,89.229576,247.21704,10.854385,568.8,3.764796733856201,1072.0498046875,1071.431640625,1070.81298828125,1070.2000732421875,1069.598388671875,1069.598388671875,287956,261.02751898765564,,128
2.1784477,111.11826,142.4306,-167.57349,517.5,39.77361,49.739628,141.6468,-18.77324,391.14285714285717,-4.448258876800537,1008.7244262695312,1009.5274047851562,1010.0049438476562,1010.1806030273438,1010.080810546875,1010.080810546875,290694,263.06018114089966,,129
72.34553,80.19137,239.44362,-34.10988,345.2857142857143,77.380066,38.70107,135.83205,33.763084,566.25,2.404515504837036,597.931884765625,597.9465942382812,597.960205078125,597.9725952148438,597.9835205078125,597.9835205078125,292959,265.1237678527832,,130
116.55967,98.20548,249.7624,15.910549,674.3333333333334,30.434557,85.71399,134.3695,-164.96072,384.57142857142856,-4.977519989013672,1683.064453125,1682.2613525390625,1680.9498291015625,1679.1990966796875,1677.076904296875,1677.076904296875,295651,267.82808899879456,,131
55.247463,44.994183,139.96167,-3.1781502,396.8333333333333,36.367996,57.938297,218.75827,-19.72298,174.58333333333334,-0.7532449960708618,1835.6727294921875,1835.5032958984375,1835.3817138671875,1835.29833984375,1835.2459716796875,1835.2459716796875,297746,269.28837299346924,,132
42.67301,27.410294,82.579185,13.461613,573.25,90.373985,93.25474,252.89021,-1.6302633,401.8,4.358347415924072,1115.6839599609375,1116.3914794921875,1116.767578125,1116.8382568359375,1116.6322021484375,1116.6322021484375,299755,270.8649299144745,,133
44.120945,64.78612,248.07536,-4.6002884,173.08333333333334,46.97874,63.318905,182.6045,-5.2481194,345.5,0.5897504687309265,1153.115966796875,1153.09326171875,1153.0745849609375,1153.0592041015625,1153.0469970703125,1153.0469970703125,301828,272.0327579975128,,134
35.446762,42.93772,133.7234,-29.351341,265.75,53.643036,77.9196,222.91327,-34.572243,217.66666666666666,2.621124267578125,2163.878662109375,2163.59716796875,2163.2451171875,2162.833984375,2162.375244140625,2162.375244140625,304440,273.2575681209564,,135
61.483315,79.82549,250.53294,-0.9628391,306.42857142857144,58.429047,109.49909,237.68723,-111.594864,296.14285714285717,-2.3201193809509277,2906.6025390625,2906.63232421875,2906.666015625,2906.701416015625,2906.73681640625,2906.73681640625,306513,274.49409914016724,,136
85.83009,103.48155,245.94081,-35.866203,236.44444444444446,94.41593,109.14428,236.94992,-89.5249,360.5,-1.4082896709442139,2645.236328125,2644.904296875,2644.517333984375,2644.08642578125,2643.621826171875,2643.621826171875,308676,275.8370141983032,,137
116.07825,112.48874,263.7262,-4.502146,238.5,62.512806,81.2052,247.2224,2.9757385,209.7,7.0850629806518555,2497.4462890625,2496.47900390625,2495.40478515625,2494.2490234375,2493.032470703125,2493.032470703125,310773,276.90868496894836,,138
77.98982,110.077995,179.19272,-78.972244,438.4,88.97412,99.46431,219.22946,-29.193596,256.3333333333333,3.9081201553344727,2552.674072265625,2548.498046875,2543.576904296875,2538.052001953125,2532.055419921875,2532.055419921875,313080,278.56342005729675,,139
-5.409127,111.32644,160.99713,-184.96767,304.2857142857143,84.05465,74.50289,200.1292,-2.5866013,291.2857142857143,2.2792351245880127,1868.718505859375,1864.603515625,1860.63525390625,1856.8336181640625,1853.2147216796875,1853.2147216796875,315119,279.8772840499878,,140
-3.1161292,130.9455,195.65758,-191.22899,287.0,-6.4010563,125.00185,195.64745,-145.93457,291.5,-23.76165771484375,3935.67919921875,3942.89404296875,3945.092529296875,3942.7470703125,3936.360107421875,3936.360107421875,317451,284.4491059780121,,141
5.942299,132.20892,203.81049,-138.08524,351.3333333333333,10.854768,112.20385,207.09665,-103.390396,335.42857142857144,-21.850887298583984,3852.802490234375,3841.720703125,3828.758056640625,3814.282470703125,3798.6337890625,3798.6337890625,319799,285.9521701335907,,142
-0.25841013,107.884285,167.93674,-119.12676,340.6666666666667,37.297436,149.8962,209.6025,-179.37616,358.5,-18.44811248779297,3330.638671875,3322.125244140625,3314.14013671875,3306.68701171875,3299.762939453125,3299.762939453125,321950,287.2761769294739,,143
157.37662,17.739845,186.02661,131.89432,458.6,47.015015,134.10826,253.04492,-112.76293,340.5,-11.342119216918945,2812.43017578125,2807.826171875,2803.7255859375,2800.088134765625,2796.875244140625,2796.875244140625,323993,288.9339520931244,,144
-122.92521,34.05625,-70.69435,-173.14702,450.8,-124.70261,61.716015,-9.979988,-204.12988,372.0,-46.90066909790039,4438.19970703125,4392.662109375,4335.1689453125,4267.90283203125,4192.88134765625,4192.88134765625,326225,290.34715700149536,,145
-108.46684,12.816098,-88.55086,-123.38396,463.2,-68.15032,108.32174,143.79312,-153.06972,401.8,-27.669294357299805,3060.53759765625,3014.368408203125,2969.962890625,2927.508056640625,2887.139404296875,2887.139404296875,328234,291.795862197876,,146
62.778824,126.73758,177.03964,-151.829,595.5,-125.17993,38.683228,-70.33499,-184.60187,440.2,-33.337493896484375,3305.988525390625,3241.449462890625,3176.79248046875,3112.67822265625,3049.6650390625,3049.6650390625,330435,293.68185091018677,,147
-113.12549,3.4707527,-109.65473,-116.59624,1000.0,-121.34179,53.628452,-49.73208,-200.59381,591.25,-18.728239059448242,2028.8734130859375,1992.87109375,1960.10546875,1930.384765625,1903.514404296875,1903.514404296875,332800,296.043909072876,,148
-74.594894,10.956537,-63.638355,-85.55143,1000.0,-32.022808,112.973274,119.07156,-152.5401,753.3333333333334,-2.151350736618042,1418.6993408203125,1424.8414306640625,1431.2696533203125,1437.658203125,1443.7606201171875,1443.7606201171875,335060,298.5595920085907,,149
-25.410784,20.897089,-4.513695,-46.307873,1000.0,-112.851685,51.362114,-53.27619,-178.62791,799.0,-1.4234299659729004,849.350830078125,848.9386596679688,848.8473510742188,848.99365234375,849.3084106445312,849.3084106445312,337457,301.822438955307,,150
-34.33767,18.184975,-16.152695,-52.522644,1000.0,-53.1595,9.854593,-43.304905,-63.01409,1000.0,8.298192024230957,479.91619873046875,483.39801025390625,485.9603271484375,487.6432189941406,488.50225830078125,488.50225830078125,339457,309.0434219837189,,151
-38.785744,9.985077,-28.800667,-48.77082,1000.0,-62.609276,15.09181,-47.517467,-77.70109,1000.0,9.454079627990723,482.0595397949219,481.4207458496094,480.1209411621094,478.2449951171875,475.87664794921875,475.87664794921875,341457,312.7937650680542,,152
-29.250563,2.7087307,-26.541832,-31.959293,1000.0,-11.145824,18.309155,7.16333,-29.454979,1000.0,12.381967544555664,765.4772338867188,760.4929809570312,754.7247924804688,748.3252563476562,741.436767578125,741.436767578125,343457,316.7371940612793,,153
-17.896431,21.409142,3.5127106,-39.305573,1000.0,-34.525272,9.564983,-24.960289,-44.090256,1000.0,9.51404094696045,619.9819946289062,613.9798583984375,608.03369140625,602.19482421875,596.506591796875,596.506591796875,345457,319.95637702941895,,154
-40.50001,37.824512,-2.675499,-78.324524,1000.0,-35.609367,18.27562,-17.333748,-53.884987,1000.0,7.055661201477051,572.60791015625,567.3052368164062,562.2381591796875,557.423095703125,552.8717651367188,552.8717651367188,347457,323.4941289424896,,155
-13.884618,27.057524,23.27098,-40.384567,709.6666666666666,-2.4747505,4.2208214,1.7460709,-6.695572,1000.0,6.209397315979004,704.4877319335938,699.7699584960938,695.2900390625,691.0582885742188,687.0805053710938,687.0805053710938,349457,326.5361559391022,,156
-7.2248344,5.4966164,-1.7282181,-12.721451,1000.0,-10.927792,16.558315,5.6305237,-27.486107,1000.0,6.492780685424805,722.5631103515625,718.3607788085938,714.3768920898438,710.6193237304688,707.0926513671875,707.0926513671875,351457,329.5712139606476,,157
-31.890142,7.5820446,-24.308098,-39.472187,1000.0,-23.283594,29.471388,10.278511,-61.466347,718.6666666666666,1.2924578189849854,1136.990234375,1135.9835205078125,1135.181396484375,1134.551513671875,1134.0662841796875,1134.0662841796875,353613,332.8778021335602,,158
-3.4252968,2.7385826,-0.6867142,-6.1638794,1000.0,-24.38826,18.144348,-6.2439117,-42.532608,1000.0,0.1561683565378189,620.3098754882812,619.9615478515625,619.6998291015625,619.5093994140625,619.376953125,619.376953125,355613,336.192067861557,,159
-16.588165,29.747787,13.159622,-46.335953,1000.0,-10.207687,1.9615784,-8.246109,-12.169266,1000.0,0.9575166702270508,900.6954345703125,899.9657592773438,899.2742309570312,898.6224365234375,898.010986328125,898.010986328125,357613,339.3329601287842,,160
-2.2877655,24.097565,30.69165,-26.214378,699.0,-23.478462,16.504356,-6.974106,-39.98282,1000.0,-0.5841900706291199,484.0365295410156,483.9603271484375,483.9127502441406,483.8875732421875,483.8795166015625,483.8795166015625,359613,347.2389211654663,,161
-40.958378,9.326633,-31.631744,-50.28501,1000.0,-4.403549,21.072266,16.668716,-25.475815,1000.0,0.15915125608444214,777.0291748046875,776.6292114257812,776.2281494140625,775.830078125,775.4390258789062,775.4390258789062,361613,350.7855670452118,,162
-31.731598,58.03975,19.139236,-112.95265,693.6666666666666,5.855301,5.571579,11.42688,0.28372192,1000.0,2.0655517578125,861.5849609375,860.9951171875,860.3953247070312,859.7928466796875,859.1946411132812,859.1946411132812,363613,354.1787750720978,,163
-6.38693,33.36129,38.19004,-42.0595,744.6666666666666,5.5413895,3.1650848,8.706474,2.3763046,1000.0,0.873238205909729,800.5897827148438,800.0628662109375,799.55810546875,799.0775146484375,798.6224365234375,798.6224365234375,365613,357.4964408874512,,164
87.908005,59.283527,180.70576,18.70028,456.6,37.986374,35.435043,73.42142,2.5513306,1000.0,4.010955333709717,769.8478393554688,768.7798461914062,767.6578979492188,766.5006103515625,765.3248901367188,765.3248901367188,367613,359.811861038208,,165
164.56065,11.418594,175.97925,153.14206,1000.0,82.138596,51.174446,137.54233,25.77134,560.75,15.244582176208496,1103.761474609375,1098.208984375,1091.48046875,1083.7882080078125,1075.332275390625,1075.332275390625,369856,361.71100187301636,,166
76.56084,62.690273,163.51408,20.228386,470.0,73.0393,45.545002,153.76428,25.992981,464.6,9.737496376037598,1254.601806640625,1247.2672119140625,1239.968017578125,1232.77685546875,1225.7535400390625,1225.7535400390625,372179,363.4205279350281,,167
98.678375,65.77303,190.47752,24.930674,557.5,31.978159,24.01847,87.44951,3.4916382,176.6153846153846,10.803714752197266,1778.9703369140625,1772.271240234375,1765.852294921875,1759.7403564453125,1753.9549560546875,1753.9549560546875,374475,364.8124089241028,,168
148.62569,5.490204,154.11589,143.13548,1000.0,45.832436,64.428,176.17032,-13.520515,280.0,10.384117126464844,1406.75146484375,1399.340576171875,1392.1260986328125,1385.1568603515625,1378.471435546875,1378.471435546875,377275,366.52303194999695,,169
16.890965,24.774487,60.52907,-31.353249,99.57142857142857,39.627106,53.934227,142.38736,-32.751114,266.54545454545456,7.460352420806885,1363.6160888671875,1359.68994140625,1356.1732177734375,1353.036865234375,1350.2518310546875,1350.2518310546875,380207,367.8641839027405,,170
76.10178,56.550877,169.53548,22.379776,406.8333333333333,185.91016,7.518654,193.42882,178.39151,1000.0,4.121092796325684,1077.925537109375,1073.626708984375,1069.5411376953125,1065.681396484375,1062.0550537109375,1062.0550537109375,382207,372.5222370624542,,171
61.492687,50.43363,156.1947,15.840118,366.2857142857143,24.913439,37.79277,135.26904,-17.315025,178.25,7.011649131774902,1604.4581298828125,1603.568603515625,1602.884521484375,1602.37109375,1601.998291015625,1601.998291015625,384346,374.03004717826843,,172
72.54636,69.52404,185.97015,0.7427521,404.0,19.384779,47.33971,152.33456,-37.943417,176.0,3.386794090270996,1617.024658203125,1617.565185546875,1618.0770263671875,1618.544921875,1618.958740234375,1618.958740234375,386458,375.3519649505615,,173
80.574265,73.85881,158.60391,4.249672,553.25,31.76893,40.588863,145.09084,-16.356789,189.16666666666666,4.882212162017822,1597.3746337890625,1597.32958984375,1597.2991943359375,1597.280517578125,1597.2708740234375,1597.2708740234375,388728,376.83152294158936,,174
53.414207,54.914085,145.65074,-2.5687408,324.5,113.85809,41.56781,152.3331,56.1293,714.6666666666666,2.724790334701538,973.6659545898438,973.2667846679688,972.8269653320312,972.3558959960938,971.8630981445312,971.8630981445312,390872,378.4338939189911,,175
91.111824,70.06779,164.40976,16.056923,562.5,40.716415,72.220116,171.56795,-35.300484,296.44444444444446,1.3617668151855469,1134.8092041015625,1134.8370361328125,1134.8720703125,1134.911376953125,1134.951904296875,1134.951904296875,393540,379.95763301849365,,176
172.81693,19.48655,192.30348,153.33038,1000.0,106.32797,64.09808,177.87886,41.98433,548.25,1.1327317953109741,1029.507568359375,1029.322021484375,1029.13037109375,1028.9359130859375,1028.7408447265625,1028.7408447265625,395733,381.71886706352234,,177
79.90523,77.614525,157.57002,-0.86208344,556.25,81.60369,81.10455,190.33072,-28.005447,471.4,0.5747261643409729,1209.607177734375,1209.54296875,1209.48828125,1209.4422607421875,1209.4034423828125,1209.4034423828125,398090,383.2716131210327,,178
124.60714,45.67061,172.3539,63.065582,707.0,157.15181,6.87796,164.02977,150.27385,1000.0,-0.2970089614391327,816.8823852539062,816.7617797851562,816.6422119140625,816.5250244140625,816.410888671875,816.410888671875,400090,384.9987349510193,,179
106.03135,56.06093,155.76802,27.693962,711.0,141.35185,4.6117554,145.96361,136.7401,1000.0,0.11364898085594177,608.4072265625,608.3516235351562,608.3026123046875,608.259765625,608.2223510742188,608.2223510742188,402090,387.2244710922241,,180
122.95723,13.621674,136.5789,109.335556,1000.0,160.89725,13.464035,174.36128,147.43321,1000.0,-0.7893539071083069,703.6463623046875,703.6167602539062,703.5911865234375,703.5693359375,703.550537109375,703.550537109375,404090,393.38951683044434,,181
101.600426,18.62561,120.226036,82.974815,1000.0,97.269684,28.831099,121.26056,56.722946,742.0,-1.3507050275802612,850.5720825195312,850.6162719726562,850.647216796875,850.6656494140625,850.6723022460938,850.6723022460938,406316,395.9115869998932,,182
99.98604,12.768375,112.75442,87.21767,1000.0,144.42195,22.72897,167.15092,121.692986,1000.0,-0.01638728380203247,730.797607421875,730.7974853515625,730.7973022460938,730.7972412109375,730.7971801757812,730.7971801757812,408316,397.9911410808563,,183
32.888805,52.688972,117.54906,-71.38173,414.0,76.88143,5.601265,82.4827,71.28017,1000.0,-5.807409286499023,564.7841186523438,564.4450073242188,563.8243408203125,562.9601440429688,561.8903198242188,561.8903198242188,410316,401.6721830368042,,184
105.7327,7.7880554,113.52075,97.94464,1000.0,11.422544,84.34439,105.78732,-98.945526,935.6666666666666,-12.72567367553711,1080.3292236328125,1076.5391845703125,1071.8428955078125,1066.4024658203125,1060.3717041015625,1060.3717041015625,413123,404.9360821247101,,185
113.90134,23.156162,137.0575,90.74517,1000.0,104.96211,11.897339,116.85945,93.06477,1000.0,-1.6918246746063232,519.9652709960938,519.673828125,519.530517578125,519.5004272460938,519.5541381835938,519.5541381835938,415123,407.1356391906738,,186
116.37555,45.139034,172.69936,62.194035,722.6666666666666,133.76411,42.27618,176.0403,91.48794,1000.0,1.3570598363876343,621.8518676757812,622.7285766601562,623.4581298828125,624.0361328125,624.4635620117188,624.4635620117188,417123,409.4339611530304,,187
144.88339,15.52726,160.41064,129.35612,1000.0,109.86594,7.3626976,117.22864,102.50324,1000.0,0.06052301079034805,428.888427734375,428.94293212890625,428.9871826171875,429.0211486816406,429.04498291015625,429.04498291015625,419123,411.4809470176697,,188
117.7124,10.433914,128.14632,107.27849,1000.0,130.20876,7.2941246,137.50288,122.914635,1000.0,2.450740337371826,501.4460144042969,501.40411376953125,501.2823181152344,501.0907897949219,500.8395080566406,500.8395080566406,421123,413.9111840724945,,189
8.030833,103.63846,143.43294,-108.26137,673.6666666666666,114.18622,2.9935493,117.17976,111.192665,1000.0,0.33515846729278564,329.4908142089844,329.40533447265625,329.3271179199219,329.2559509277344,329.1914367675781,329.1914367675781,423123,416.5754599571228,,190
40.157124,92.612144,124.92766,-116.49133,699.5,92.258064,34.52816,140.63956,62.347664,706.6666666666666,0.14446574449539185,563.5657348632812,563.5113525390625,563.462646484375,563.4192504882812,563.3806762695312,563.3806762695312,425243,424.08410000801086,,191
0.5364024,97.693016,129.17982,-107.42062,812.0,59.006195,69.81831,115.257324,-39.39563,854.3333333333334,-6.111321449279785,883.4656372070312,883.5503540039062,883.3372192382812,882.8597412109375,882.1521606445312,882.1521606445312,427806,427.38372111320496,,192
76.040565,81.67885,142.8178,-38.97374,803.3333333333334,78.65266,17.05368,95.70634,61.598976,1000.0,-1.90739107131958,399.9151916503906,399.6746826171875,399.4522399902344,399.2477111816406,399.0606689453125,399.0606689453125,429806,430.1307301521301,,193
154.03305,12.427757,166.4608,141.60529,1000.0,142.10742,8.744469,150.85188,133.36295,1000.0,1.1983320713043213,525.9146728515625,526.212890625,526.4147338867188,526.5252075195312,526.5512084960938,526.5512084960938,431806,431.97959303855896,,194
78.01878,66.80167,151.21454,-10.304131,755.3333333333334,135.87877,22.267513,158.14629,113.61126,1000.0,1.3003605604171753,497.2880859375,497.16925048828125,496.9910888671875,496.7625427246094,496.4922790527344,496.4922790527344,433806,434.3057041168213,,195
75.85012,16.60936,92.45948,59.24076,1000.0,105.609924,26.543018,132.15294,79.0669,1000.0,0.6564956307411194,365.5053405761719,365.47564697265625,365.45355224609375,365.437744140625,365.427001953125,365.427001953125,435806,436.7824749946594,,196
136.54065,28.165596,164.70624,108.375046,1000.0,157.84222,10.296364,168.13858,147.54585,1000.0,2.531383514404297,701.8740844726562,701.4019165039062,700.8109741210938,700.1224975585938,699.3568725585938,699.3568725585938,437806,439.13018107414246,,197
60.36884,85.96136,157.29407,-46.92788,643.25,93.90831,2.1104317,96.018745,91.79788,1000.0,-0.3291451334953308,374.03521728515625,374.1770324707031,374.3118896484375,374.4351501464844,374.54400634765625,374.54400634765625,439806,441.5043590068817,,198
104.766495,17.460354,122.226845,87.30614,1000.0,45.605724,80.82967,161.75345,-32.352066,562.4,-6.865228176116943,1792.80615234375,1792.8843994140625,1792.4775390625,1791.641357421875,1790.4327392578125,1790.4327392578125,442618,443.8223090171814,,199
